,City,Cloudiness,Country,Date,Humidity,Latitude,Longitude,Max Temp,Wind Speed
0,kelvington,1,CA,1597159511,67,52.17,-103.53,58.62,12.17
1,waingapu,45,ID,1597159512,82,-9.66,120.26,76.53,4.07
2,ushuaia,75,AR,1597159346,74,-54.8,-68.3,35.6,21.92
3,punta arenas,40,CL,1597159512,75,-53.15,-70.92,39.2,31.09
4,sitka,75,US,1597158958,87,57.05,-135.33,51.8,1.45
5,tasiilaq,40,GL,1597159513,75,65.61,-37.64,44.6,14.99
6,nantucket,40,US,1597159325,78,41.28,-70.1,78.8,13.87
7,hermanus,35,ZA,1597159514,70,-34.42,19.23,57.99,8.99
8,jamestown,40,US,1597159514,73,42.1,-79.24,78.01,10.29
9,los llanos de aridane,20,ES,1597159514,61,28.66,-17.92,78.8,12.75
10,lompoc,90,US,1597159326,100,34.64,-120.46,55.4,4.7
11,mataura,98,NZ,1597159515,94,-46.19,168.86,45.0,3.0
12,tura,51,IN,1597159515,94,25.52,90.22,76.59,5.77
13,karratha,0,AU,1597159515,67,-20.74,116.85,66.81,13.0
14,port alfred,0,ZA,1597159516,62,-33.59,26.89,63.95,25.48
15,college,90,US,1597159516,93,64.86,-147.8,50.0,5.82
16,mount gambier,90,AU,1597159516,87,-37.83,140.77,51.8,17.22
17,lebu,0,CL,1597159516,69,-37.62,-73.65,47.89,15.7
18,macomer,25,IT,1597159517,38,40.26,8.77,91.4,9.17
19,berck,0,FR,1597159517,49,50.4,1.6,89.6,9.17
20,high level,75,CA,1597159517,93,58.52,-117.14,50.0,4.7
21,kamensk-uralskiy,100,RU,1597159416,90,56.42,61.93,53.46,16.91
22,opuwo,1,NA,1597159517,12,-18.06,13.84,86.38,0.65
23,castro,0,BR,1597159518,37,-24.79,-50.01,75.99,8.23
24,bluff,77,NZ,1597159518,94,-46.6,168.33,45.0,3.0
25,north bend,1,US,1597159519,100,43.41,-124.22,53.01,5.48
26,chuy,0,UY,1597159519,51,-33.7,-53.46,50.31,9.84
27,kaoma,0,ZM,1597159519,13,-14.78,24.8,85.23,5.3
28,ereymentau,86,KZ,1597159520,71,51.62,73.1,62.26,9.31
29,vaini,20,TO,1597159520,83,-21.2,-175.2,71.6,8.05
30,kapaa,40,US,1597159521,78,22.08,-159.32,78.8,9.17
31,yellowknife,75,CA,1597159521,77,62.46,-114.35,62.01,10.29
32,bethel,40,US,1597159521,66,41.37,-73.41,84.99,8.05
33,east london,0,ZA,1597159521,33,-33.02,27.91,71.6,6.93
34,chokurdakh,83,RU,1597159522,67,70.63,147.92,41.67,4.61
35,butaritari,1,KI,1597159522,79,3.07,172.79,81.55,12.35
36,thompson,75,CA,1597159522,77,55.74,-97.86,62.6,3.36
37,bambous virieux,20,MU,1597159523,52,-20.34,57.76,69.8,8.05
38,codrington,100,AU,1597159523,87,-38.27,141.97,51.12,16.42
39,miami,75,US,1597159032,66,25.77,-80.19,90.0,5.48
40,new norfolk,100,AU,1597159523,76,-42.78,147.06,39.99,2.57
41,quatre cocos,20,MU,1597159524,52,-20.21,57.76,69.8,8.05
42,yefremov,100,RU,1597159524,73,53.15,38.1,70.61,5.3
43,paita,22,PE,1597159524,68,-5.09,-81.11,69.8,12.75
44,albany,9,US,1597159525,73,42.6,-73.97,84.99,5.08
45,monrovia,75,LR,1597159525,74,6.3,-10.8,80.6,12.75
46,guayaramerin,0,BO,1597159525,27,-10.84,-65.36,95.5,5.23
47,grand valley,100,CA,1597159525,63,43.9,-80.32,77.0,11.99
48,grand gaube,85,MU,1597159526,61,-20.01,57.66,66.99,3.0
49,la ronge,40,CA,1597159526,72,55.1,-105.28,59.0,12.75
50,atuona,2,PF,1597159526,71,-9.8,-139.03,77.94,16.37
51,busselton,77,AU,1597159527,73,-33.65,115.33,51.01,10.13
52,springdale,90,US,1597159527,78,36.19,-94.13,80.6,20.8
53,bonthe,100,SL,1597159527,89,7.53,-12.51,75.42,12.15
54,khatanga,26,RU,1597159528,75,71.97,102.5,38.35,7.27
55,kaitangata,100,NZ,1597159528,81,-46.28,169.85,45.0,5.99
56,sawtell,90,AU,1597159528,87,-30.38,153.1,57.2,4.59
57,astorga,0,BR,1597159528,36,-23.23,-51.67,80.6,8.05
58,barrow,90,US,1597159529,100,71.29,-156.79,42.8,8.05
59,seddon,90,AU,1597159529,66,-37.81,144.89,54.0,10.29
60,mahebourg,20,MU,1597159529,52,-20.41,57.7,69.8,8.05
61,rikitea,8,PF,1597159530,72,-23.12,-134.97,69.64,19.62
62,mehamn,75,NO,1597159530,81,71.04,27.85,50.0,5.82
63,ponta do sol,47,PT,1597159530,90,32.67,-17.1,73.99,3.0
64,alappuzha,100,IN,1597159531,87,9.49,76.33,78.6,6.08
65,upernavik,100,GL,1597159531,66,72.79,-56.15,41.9,6.02
66,santa vitoria do palmar,0,BR,1597159531,51,-33.52,-53.37,49.96,9.53
67,faanui,3,PF,1597159532,81,-16.48,-151.75,76.84,16.62
68,srandakan,99,ID,1597159532,92,-7.94,110.25,75.43,6.15
69,aklavik,90,CA,1597159532,93,68.22,-135.01,50.0,5.82
70,prince albert,40,CA,1597159532,63,53.2,-105.77,60.8,12.75
71,provideniya,99,RU,1597159533,86,64.38,-173.3,49.48,6.35
72,tosno,90,RU,1597159533,67,59.54,30.88,57.2,15.66
73,bathsheba,40,BB,1597159533,70,13.22,-59.52,87.8,20.8
74,katsuura,0,JP,1597159534,88,35.13,140.3,84.0,5.99
75,rovaniemi,87,FI,1597159534,54,66.5,25.72,59.0,3.36
76,grants,40,US,1597159308,14,35.15,-107.85,69.8,4.7
77,meadow lake,20,US,1597159534,20,34.8,-106.54,78.01,5.82
78,luderitz,0,NA,1597159535,56,-26.65,15.16,62.37,22.95
79,real,100,PH,1597159535,83,14.66,121.6,82.4,2.24
80,tabas,0,IR,1597159535,12,33.6,56.92,105.8,4.7
81,avera,40,US,1597159535,83,33.19,-82.53,84.0,5.82
82,beloha,19,MG,1597159535,69,-25.17,45.05,65.53,8.72
83,ewa beach,1,US,1597159536,83,21.32,-158.01,75.2,3.36
84,san ramon,40,US,1597159536,82,37.78,-121.98,63.0,9.17
85,tromso,98,NO,1597159536,67,69.65,18.96,57.2,3.36
86,broken hill,75,AU,1597159537,87,-31.95,141.43,51.8,8.05
87,brae,40,GB,1597159538,82,60.4,-1.35,64.4,14.99
88,sorong,99,ID,1597159538,87,-0.88,131.25,79.05,10.6
89,san quintin,0,MX,1597159538,75,30.48,-115.95,70.09,6.49
90,safaga,0,EG,1597159538,21,26.73,33.94,100.4,10.29
91,kalmunai,76,LK,1597159539,77,7.42,81.82,83.23,6.44
92,georgetown,40,MY,1597159539,89,5.41,100.34,84.2,1.07
93,mahon,20,ES,1597159407,51,39.89,4.27,86.0,14.99
94,pevek,96,RU,1597159539,86,69.7,170.31,36.3,7.83
95,batagay-alyta,9,RU,1597159540,77,67.8,130.41,40.53,1.86
96,akyab,79,MM,1597159540,83,20.15,92.9,81.99,4.03
97,birjand,0,IR,1597159540,13,32.87,59.22,86.0,16.11
98,sisimiut,100,GL,1597159540,54,66.94,-53.67,48.58,8.88
99,iqaluit,40,CA,1597159340,41,63.75,-68.51,59.0,14.99
100,chernyshevskiy,56,RU,1597159541,95,63.01,112.47,51.67,5.19
101,arraial do cabo,0,BR,1597159541,58,-22.97,-42.03,84.2,9.17
102,nome,1,US,1597159481,93,64.5,-165.41,41.0,2.01
103,kaeo,93,NZ,1597159542,3,-35.1,173.78,55.0,13.0
104,mahmudabad,75,IN,1597159542,89,27.3,81.12,87.8,4.7
105,ugoofaaru,30,MV,1597159543,77,5.67,73.0,82.49,10.16
106,tomatlan,0,MX,1597159543,71,19.93,-105.25,84.38,1.77
107,vytegra,83,RU,1597159544,77,61.01,36.45,58.26,11.23
108,margate,5,GB,1597159544,45,51.38,1.39,87.8,8.05
109,souillac,20,MU,1597159544,52,-20.52,57.52,69.8,8.05
110,sao filipe,20,CV,1597159544,77,14.9,-24.5,77.25,13.96
111,kapit,96,MY,1597159545,89,2.02,112.93,76.53,1.36
112,casper,1,US,1597159545,35,42.87,-106.31,73.99,4.7
113,puerto ayora,75,EC,1597159545,78,-0.74,-90.35,71.6,12.75
114,cape town,75,ZA,1597159382,67,-33.93,18.42,60.01,19.46
115,vangaindrano,18,MG,1597159545,81,-23.35,47.6,66.24,4.27
116,qaanaaq,3,GL,1597159546,67,77.48,-69.36,39.96,1.61
117,san carlos,9,VE,1597159546,81,9.66,-68.58,83.3,2.21
118,takoradi,99,GH,1597159546,72,4.88,-1.76,77.79,11.72
119,pisco,90,PE,1597159547,77,-13.7,-76.22,62.6,2.24
120,guerrero negro,0,MX,1597159472,62,27.98,-114.06,73.63,4.29
121,ribeira grande,20,PT,1597159547,50,38.52,-28.7,78.8,13.87
122,mar del plata,0,AR,1597159548,49,-38.0,-57.56,53.01,17.22
123,avarua,57,CK,1597159548,63,-21.21,-159.78,66.2,4.7
124,hobart,100,AU,1597159454,86,-42.88,147.33,42.01,6.93
125,kahului,20,US,1597159548,73,20.89,-156.47,77.0,10.29
126,vila franca do campo,20,PT,1597159549,53,37.72,-25.43,77.0,14.99
127,chengzihe,29,CN,1597159549,85,45.33,131.07,65.66,6.38
128,amga,2,RU,1597159549,73,60.9,131.96,49.75,2.39
129,laguna,1,US,1597159550,82,38.42,-121.42,64.0,11.41
130,cayenne,3,GF,1597159550,74,4.93,-52.33,86.0,5.82
131,tahta,0,EG,1597159551,20,26.77,31.5,102.2,19.46
132,aksarka,100,RU,1597159551,94,66.56,67.8,51.8,3.02
133,omsukchan,100,RU,1597159551,66,62.53,155.8,57.38,6.55
134,cardinal,1,CA,1597159551,65,44.78,-75.38,82.99,10.29
135,bitung,20,ID,1597159552,83,1.45,125.18,77.0,4.7
136,kloulklubed,40,PW,1597159552,94,7.04,134.26,77.0,3.15
137,mana,0,GF,1597159552,62,5.66,-53.78,86.45,9.26
138,roald,40,NO,1597159552,72,62.58,6.13,64.99,5.82
139,bowen,0,AU,1597159553,93,-20.02,148.23,57.0,5.77
140,fort dix,75,US,1597159553,69,40.03,-74.62,84.0,6.55
141,kattivakkam,90,IN,1597159553,88,13.22,80.32,82.4,2.24
142,sao joao da barra,0,BR,1597159486,48,-21.64,-41.05,82.4,2.24
143,coquimbo,40,CL,1597159554,81,-29.95,-71.34,53.6,8.05
144,bredasdorp,68,ZA,1597159554,51,-34.53,20.04,60.8,17.22
145,washington,14,US,1597159555,40,47.5,-120.5,62.01,4.29
146,esperance,90,AU,1597159555,100,-33.87,121.9,51.8,16.11
147,henties bay,0,NA,1597159267,76,-22.12,14.28,61.0,5.99
148,port blair,83,IN,1597159556,83,11.67,92.75,82.9,16.15
149,nikolskoye,90,RU,1597159556,67,59.7,30.79,57.2,15.66
150,saskylakh,2,RU,1597159556,73,71.92,114.08,39.11,7.0
151,sioux lookout,20,CA,1597159556,46,50.1,-91.92,71.6,10.29
152,ginir,89,ET,1597159557,66,7.13,40.7,70.88,1.77
153,batavia,1,US,1597159345,60,41.85,-88.31,78.01,6.93
154,saint-joseph,10,RE,1597159557,63,-21.37,55.62,66.2,5.82
155,petrolina,75,BR,1597159558,47,-9.4,-40.5,80.6,9.17
156,chicama,22,PE,1597159558,56,-7.84,-79.15,70.29,5.26
157,nanortalik,100,GL,1597159558,76,60.14,-45.24,43.84,10.45
158,taoudenni,0,ML,1597159559,9,22.68,-3.98,113.5,12.59
159,port moresby,75,PG,1597159559,94,-9.44,147.18,78.8,11.41
160,ternate,36,ID,1597159555,76,0.8,127.4,80.56,3.0
161,ahipara,98,NZ,1597159559,88,-35.17,173.17,56.97,23.6
162,dongying,40,CN,1597159560,67,37.46,118.49,84.36,8.46
163,champerico,75,GT,1597159560,94,14.3,-91.92,78.8,4.14
164,marsaxlokk,20,MT,1597159560,46,35.84,14.54,89.6,8.05
165,contamana,0,PE,1597159560,44,-7.33,-75.02,90.25,3.27
166,hereford,91,GB,1597159561,57,52.06,-2.71,87.01,1.99
167,weston-super-mare,58,GB,1597159561,69,51.35,-2.98,80.6,6.93
168,rio grande,40,BR,1597159506,41,-32.03,-52.1,57.2,11.41
169,hamilton,75,US,1597159503,78,39.18,-84.53,75.99,3.36
170,bastrop,1,US,1597159561,66,32.76,-91.87,87.8,6.93
171,saldanha,43,ZA,1597159562,55,-33.01,17.94,60.8,8.05
172,camacha,20,PT,1597159562,69,33.08,-16.33,75.2,14.99
173,catalao,0,BR,1597159533,31,-18.17,-47.95,83.35,3.44
174,bilsanda,80,IN,1597159563,77,28.25,79.95,85.48,4.38
175,vila,78,PT,1597159563,62,42.03,-8.16,79.0,14.0
176,dejen,79,ET,1597159564,98,10.17,38.13,60.73,2.17
177,hilo,40,US,1597159393,77,19.73,-155.09,70.0,6.93
178,tabanan,40,ID,1597159565,100,-8.54,115.13,78.8,11.41
179,half moon bay,90,US,1597159565,93,37.46,-122.43,64.0,5.82
180,narsaq,75,GL,1597159565,70,60.92,-46.05,42.8,14.99
181,winslow,1,US,1597159566,19,35.02,-110.7,71.6,6.93
182,arona,20,ES,1597159566,51,28.1,-16.68,82.4,28.86
183,saint-philippe,19,RE,1597159566,63,-21.36,55.77,66.2,5.82
184,bubaque,100,GW,1597159566,83,11.28,-15.83,80.33,16.35
185,colmar,65,FR,1597159549,36,48.08,7.37,91.4,4.7
186,pokhara,54,NP,1597159567,76,28.23,83.98,74.19,2.35
187,pangnirtung,20,CA,1597159567,75,66.15,-65.71,46.4,13.87
188,bundaberg,7,AU,1597159569,100,-24.85,152.35,55.0,3.36
189,morant bay,75,JM,1597159571,66,17.88,-76.41,87.8,3.36
190,maldonado,20,UY,1597159346,43,-34.67,-54.92,50.0,17.22
191,hithadhoo,100,MV,1597159572,78,-0.6,73.08,82.71,10.85
192,flinders,100,AU,1597159572,90,-34.58,150.86,55.99,6.29
193,santa isabel,0,BR,1597159573,31,-23.32,-46.22,78.8,12.75
194,broome,1,US,1597159556,65,42.25,-75.83,84.99,9.17
195,porto novo,75,BJ,1597159573,78,6.5,2.6,80.6,11.41
196,wanning,95,CN,1597159574,84,18.8,110.4,83.84,11.5
197,iquique,40,CL,1597159381,63,-20.22,-70.14,60.8,9.17
198,kvitok,61,RU,1597159574,62,56.07,98.48,63.21,2.95
199,atar,1,MR,1597159574,20,20.52,-13.05,106.63,6.4
200,hailar,20,CN,1597159575,91,49.2,119.7,56.59,6.51
201,obo,55,CF,1597159575,83,5.4,26.49,81.14,1.83
202,havre-saint-pierre,1,CA,1597159575,73,50.23,-63.6,75.2,5.82
203,zhigansk,56,RU,1597159577,61,66.77,123.37,49.53,10.22
204,golpayegan,33,IR,1597159577,14,33.45,50.29,88.81,4.61
205,anadyr,59,RU,1597159577,93,64.75,177.48,51.8,8.95
206,talnakh,0,RU,1597159578,87,69.49,88.4,57.2,13.42
207,san patricio,20,MX,1597159578,79,19.22,-104.7,86.0,2.21
208,longyearbyen,75,SJ,1597159579,76,78.22,15.64,48.2,1.12
209,lagoa,77,PT,1597159579,66,39.05,-27.98,69.48,8.9
210,vao,20,NC,1597159579,77,-22.67,167.48,68.85,22.01
211,inyonga,0,TZ,1597159579,17,-6.72,32.07,86.94,4.74
212,zhangjiakou,38,CN,1597159580,42,40.81,114.88,74.32,4.68
213,taber,75,CA,1597159360,71,49.82,-112.15,57.2,4.7
214,karaman,5,TR,1597159580,25,37.08,33.25,82.13,20.15
215,carnarvon,90,AU,1597159581,93,-24.87,113.63,62.6,1.12
216,benin,100,BJ,1597159581,67,9.5,2.25,81.93,6.8
217,santa catarina de tepehuanes,78,MX,1597159581,47,25.35,-105.73,72.82,1.14
218,houma,1,US,1597159582,66,29.6,-90.72,91.0,3.36
219,the valley,40,AI,1597159582,70,18.22,-63.06,87.8,16.11
220,moyobamba,24,PE,1597159583,54,-6.05,-76.97,81.81,0.58
221,northam,82,GB,1597159583,80,51.03,-4.22,73.0,1.99
222,prince rupert,90,CA,1597159583,93,54.32,-130.32,51.8,3.36
223,victoria,99,HK,1597159379,84,22.29,114.16,87.01,3.0
224,taree,100,AU,1597159584,100,-31.9,152.47,48.2,4.7
225,vershino-darasunskiy,100,RU,1597159584,91,52.35,115.52,54.66,1.19
226,touros,40,BR,1597159584,65,-5.2,-35.46,82.4,13.87
227,baykit,7,RU,1597159585,52,61.67,96.37,67.44,2.89
228,anloga,20,GH,1597159585,74,5.79,0.9,82.4,12.75
229,colorines,75,MX,1597159586,82,19.2,-100.17,57.2,3.36
230,lata,61,PT,1597159586,55,40.16,-8.33,82.99,12.1
231,husavik,96,IS,1597159586,56,66.04,-17.34,68.0,9.17
232,seoul,75,KR,1597159366,94,37.57,126.98,75.2,1.54
233,hofn,100,IS,1597159588,95,64.25,-15.21,53.37,8.25
234,bengkulu,75,ID,1597159588,86,-3.8,102.27,78.49,5.64
235,dikson,100,RU,1597159589,82,73.51,80.55,40.06,23.62
236,okakarara,0,NA,1597159590,13,-20.58,17.43,83.95,2.57
237,nynashamn,74,SE,1597159505,40,58.9,17.95,73.4,6.93
238,san blas,20,MX,1597159591,73,21.52,-105.27,73.4,2.24
239,sistranda,40,NO,1597159591,72,63.73,8.83,64.4,8.05
240,santa helena de goias,0,BR,1597159591,26,-17.81,-50.6,87.98,2.46
241,tabory,100,RU,1597159592,82,58.52,64.55,57.31,11.74
242,turbat,49,PK,1597159592,63,26.0,63.04,90.36,16.8
243,bloomfield,1,US,1597159593,66,40.81,-74.19,89.01,6.93
244,mogapi,0,BW,1597159593,36,-22.32,27.83,78.8,4.7
245,abalak,40,RU,1597159594,75,58.13,68.59,69.8,2.8
246,san angelo,1,US,1597159486,58,31.46,-100.44,86.0,14.99
247,saint-augustin,53,CA,1597159594,64,51.23,-58.65,75.52,19.86
248,anahuac,5,MX,1597159594,70,27.23,-100.15,84.2,11.41
249,auki,94,SB,1597159595,83,-8.77,160.7,77.45,4.81
250,rockford,20,US,1597159409,53,42.27,-89.09,75.2,8.05
251,kirakira,100,SB,1597159595,84,-10.45,161.92,78.93,8.9
252,tuatapere,89,NZ,1597159596,94,-46.13,167.68,45.0,3.0
253,saint george,1,US,1597159596,14,37.1,-113.58,82.0,3.36
254,bagdarin,80,RU,1597159597,84,54.43,113.6,55.04,1.9
255,dinghai,20,CN,1597159597,88,26.28,119.79,78.8,2.24
256,san rafael,0,AR,1597159598,39,-34.62,-68.33,47.73,13.47
257,norton,0,ZW,1597159598,16,-17.88,30.7,73.4,8.05
258,batasan,100,PH,1597159598,75,12.77,120.78,82.71,2.93
259,verkhoyansk,0,RU,1597159599,69,67.54,133.38,43.56,0.56
260,korla,0,CN,1597159599,23,41.76,86.15,82.76,5.61
261,kizhinga,0,RU,1597159600,86,51.85,109.91,57.63,1.99
262,afsin,0,TR,1597159600,27,38.25,36.91,81.14,18.01
263,kansanshi,0,ZM,1597159600,15,-12.1,26.43,81.54,6.69
264,xuddur,61,SO,1597159601,44,4.12,43.89,82.98,20.18
265,ardakan,20,IR,1597159601,12,32.31,54.02,105.8,14.52
266,fort nelson,75,CA,1597159602,76,58.81,-122.7,51.8,3.36
267,sakakah,0,SA,1597159602,14,29.97,40.21,95.0,17.22
268,sobolevo,5,RU,1597159602,72,54.43,31.9,63.95,10.04
269,miri,40,MY,1597159602,94,4.41,114.01,82.0,8.05
270,vostok,0,RU,1597159603,100,46.49,135.88,60.96,5.79
271,bogorodskoye,36,RU,1597159603,77,56.55,37.88,59.81,9.98
272,slonim,3,BY,1597159603,57,53.09,25.32,69.69,10.38
273,chebsara,40,RU,1597159604,82,59.2,38.84,60.8,4.47
274,boa vista,75,BR,1597159509,70,2.82,-60.67,84.2,6.93
275,inuvik,90,CA,1597159415,87,68.35,-133.72,48.2,3.36
276,mayumba,64,GA,1597159604,76,-3.43,10.66,76.68,10.69
277,beringovskiy,62,RU,1597159605,83,63.05,179.32,48.72,8.21
278,myanaung,100,MM,1597159605,85,18.28,95.32,79.72,6.64
279,zaysan,0,KZ,1597159605,40,47.47,84.87,71.94,7.85
280,qunduz,0,AF,1597159605,17,36.73,68.86,86.22,4.47
281,cidreira,88,BR,1597159606,64,-30.18,-50.21,55.06,13.09
282,umm lajj,0,SA,1597159606,34,25.02,37.27,94.62,13.29
283,edgewater,40,US,1597159606,74,28.99,-80.9,89.01,5.82
284,kodiak,1,US,1597159607,76,57.79,-152.41,50.0,6.93
285,tiarei,75,PF,1597159607,88,-17.53,-149.33,75.2,8.05
286,constitucion,0,CL,1597159607,53,-35.33,-72.42,49.15,13.29
287,maragogi,86,BR,1597159607,68,-9.01,-35.22,78.06,9.8
288,san cristobal,40,VE,1597159608,55,7.77,-72.22,86.0,11.41
289,tuktoyaktuk,90,CA,1597159608,93,69.45,-133.04,48.2,5.82
290,cabo san lucas,40,MX,1597159608,74,22.89,-109.91,84.99,17.22
291,kolda,75,SN,1597159609,66,12.88,-14.95,89.6,4.7
292,linfen,100,CN,1597159609,62,36.09,111.52,83.14,7.92
293,tiznit,0,MA,1597159609,45,29.58,-9.5,83.79,9.4
294,kruisfontein,0,ZA,1597159609,68,-34.0,24.73,60.01,1.99
295,saltillo,5,MX,1597159318,41,25.42,-101.0,75.2,4.41
296,kikwit,95,CD,1597159610,29,-5.04,18.82,94.33,0.63
297,kartaly,100,RU,1597159610,88,53.05,60.65,58.24,13.96
298,puerto baquerizo moreno,75,EC,1597159610,88,-0.9,-89.6,69.8,11.41
299,xining,96,CN,1597159611,74,36.62,101.77,59.09,2.08
300,deputatskiy,59,RU,1597159611,97,69.3,139.9,30.79,1.79
301,tilichiki,94,RU,1597159611,92,60.47,166.1,50.99,5.61
302,chauk,11,MM,1597159612,72,20.88,94.82,82.76,15.32
303,okha,100,RU,1597159411,97,53.57,142.95,60.04,7.76
304,namatanai,81,PG,1597159612,80,-3.67,152.43,79.59,5.1
305,norman wells,90,CA,1597159613,93,65.28,-126.83,55.4,9.17
306,berdigestyakh,97,RU,1597159613,94,62.1,126.7,52.41,1.59
307,hervey bay,1,AU,1597159614,100,-25.3,152.85,55.0,3.36
308,bahia honda,4,CU,1597159614,70,22.9,-83.16,85.66,6.67
309,caravelas,94,BR,1597159614,67,-17.71,-39.25,76.91,7.38
310,mumford,77,GH,1597159615,75,5.26,-0.76,77.16,12.26
311,mizusawa,0,JP,1597159615,87,39.13,141.13,73.62,2.15
312,port elizabeth,20,ZA,1597159615,72,-33.92,25.57,60.8,29.97
313,tateyama,0,JP,1597159616,88,34.98,139.87,84.0,5.99
314,torbay,20,CA,1597159616,73,47.67,-52.73,79.0,9.17
315,bhinmal,100,IN,1597159616,74,25.0,72.25,83.64,6.64
316,isla mujeres,75,MX,1597159617,79,21.23,-86.73,86.0,8.05
317,jibuti,1,DJ,1597159617,28,11.5,42.5,105.8,6.93
318,airai,5,TL,1597159617,100,-8.93,125.41,58.28,1.07
319,ancud,90,CL,1597159618,100,-41.87,-73.82,46.0,5.82
320,sorland,96,NO,1597159325,82,67.67,12.69,60.8,5.82
321,santa maria,100,BR,1597159618,58,-29.68,-53.81,52.63,7.83
322,skibbereen,20,IE,1597159619,53,51.55,-9.27,73.4,5.82
323,kutum,42,SD,1597159620,51,14.2,24.67,81.46,9.73
324,golkoy,40,TR,1597159620,74,40.69,37.62,80.6,20.8
325,rawson,0,AR,1597159505,47,-43.3,-65.1,50.45,25.88
326,olafsvik,100,IS,1597159621,96,64.89,-23.71,51.69,13.02
327,najran,20,SA,1597159621,13,17.49,44.13,98.6,6.93
328,payo,97,ID,1597159621,83,-3.75,103.64,76.15,3.4
329,grindavik,75,IS,1597159621,93,63.84,-22.43,53.6,19.46
330,saucillo,0,MX,1597159622,30,28.02,-105.28,85.48,4.81
331,glendive,1,US,1597159622,37,47.11,-104.71,72.0,8.05
332,tautira,75,PF,1597159623,88,-17.73,-149.15,75.2,8.05
333,fortuna,0,US,1597159623,96,40.6,-124.16,55.0,2.13
334,olkhovka,100,RU,1597159623,90,53.21,60.61,57.22,14.52
335,bollnas,45,SE,1597159624,43,61.35,16.39,72.63,8.37
336,san carlos de bariloche,40,AR,1597159469,56,-41.15,-71.31,41.0,25.28
337,padang,30,ID,1597159624,80,-0.95,100.35,80.1,4.07
338,kozhva,78,RU,1597159624,79,65.11,57.05,50.67,6.51
339,te anau,95,NZ,1597159625,86,-45.42,167.72,38.08,0.81
340,klaksvik,37,FO,1597159625,82,62.23,-6.59,59.0,11.41
341,saint-francois,29,FR,1597159625,31,46.42,3.91,93.0,4.7
342,puro,98,PH,1597159625,82,12.48,123.38,81.75,8.37
343,alyangula,16,AU,1597159626,93,-13.85,136.42,60.8,3.36
344,tiksi,100,RU,1597159626,86,71.69,128.87,40.71,5.14
345,malpe,75,IN,1597159626,88,13.35,74.72,78.8,5.82
346,krasnoselkup,65,RU,1597159627,56,65.7,82.47,71.96,10.27
347,araouane,18,ML,1597159627,20,18.9,-3.53,105.03,14.85
348,yulara,0,AU,1597159628,67,-25.24,130.99,59.0,8.05
349,gorgan,20,IR,1597159628,66,36.84,54.43,84.2,11.41
350,kavaratti,65,IN,1597159628,77,10.57,72.64,82.11,17.92
351,sergeyevka,44,KZ,1597159630,64,53.88,67.42,65.86,2.39
352,havoysund,75,NO,1597159632,93,71.0,24.66,53.6,4.7
353,pemba,75,MZ,1597159633,83,-12.97,40.52,75.2,11.41
354,ambilobe,68,MG,1597159633,69,-13.2,49.05,74.08,3.83
355,governador valadares,60,BR,1597159633,47,-18.85,-41.95,82.51,3.96
356,praia da vitoria,40,PT,1597159445,60,38.73,-27.07,75.2,9.53
357,piopio,100,NZ,1597159634,94,-38.47,175.02,50.0,1.36
358,nagato,75,JP,1597159634,94,34.38,131.2,80.6,4.7
359,severo-kurilsk,100,RU,1597159634,91,50.68,156.12,51.1,14.9
360,cortazar,92,MX,1597159635,80,20.48,-100.93,66.0,3.0
361,ballina,90,AU,1597159635,93,-28.87,153.57,55.4,3.36
362,itum-kale,100,RU,1597159635,73,42.74,45.58,64.76,4.23
363,port lincoln,97,AU,1597159636,86,-34.73,135.87,54.43,17.11
364,astara,75,AZ,1597159636,88,38.5,48.67,80.6,18.34
365,ostrovnoy,88,RU,1597159636,83,68.05,39.51,52.0,10.83
366,kununurra,4,AU,1597159637,82,-15.77,128.73,71.6,4.7
367,san juan,0,AR,1597159637,34,-31.54,-68.54,48.96,6.33
368,vila velha,40,BR,1597159560,61,-20.33,-40.29,80.6,10.29
369,peruibe,0,BR,1597159637,38,-24.32,-47.0,85.12,3.18
370,hami,100,CN,1597159638,27,42.8,93.45,81.77,5.03
371,dehloran,0,IR,1597159638,14,32.69,47.27,103.64,17.78
372,walvis bay,5,NA,1597159639,52,-22.96,14.51,66.2,19.46
373,samarai,91,PG,1597159384,88,-10.62,150.67,78.51,12.1
374,birnin kebbi,90,NG,1597159639,74,12.45,4.2,78.15,12.64
375,ayan,21,RU,1597159639,86,56.45,138.17,55.29,8.63
376,santa maria da vitoria,0,BR,1597159640,24,-13.39,-44.19,92.01,4.27
377,tarboro,40,US,1597159640,78,35.9,-77.54,86.0,6.96
378,pacific grove,79,US,1597159350,95,36.62,-121.92,57.99,1.3
379,catuday,100,PH,1597159640,82,16.29,119.81,82.08,8.08
380,sandwick,40,GB,1597159641,82,60.0,-1.25,64.4,14.99
381,naryan-mar,100,RU,1597159641,89,67.67,53.09,45.84,12.08
382,sept-iles,90,CA,1597159642,82,50.2,-66.38,69.01,9.17
383,portland,20,US,1597159568,72,45.52,-122.68,61.0,9.17
384,dondo,20,MZ,1597159642,57,-19.61,34.74,75.2,11.41
385,lorengau,91,PG,1597159642,77,-2.02,147.27,81.79,6.26
386,harper,100,LR,1597159642,72,4.38,-7.72,77.88,12.48
387,puerto escondido,75,MX,1597159643,69,15.85,-97.07,82.4,4.7
388,meulaboh,100,ID,1597159644,77,4.14,96.13,81.07,1.68
389,winsum,49,NL,1597159644,40,53.33,6.52,91.0,6.93
390,colac,100,AU,1597159645,96,-38.33,143.58,46.0,1.01
391,portel,0,BR,1597159645,45,-1.94,-50.82,93.09,3.76
392,xichang,100,CN,1597159646,77,27.9,102.26,71.04,2.62
393,axim,98,GH,1597159646,68,4.87,-2.24,78.73,10.6
394,reyes,73,BO,1597159646,46,-14.32,-67.38,87.24,3.58
395,nago,90,JP,1597159647,89,26.59,127.98,84.2,9.17
396,bridlington,0,GB,1597159647,54,54.08,-0.19,80.6,11.41
397,lethem,11,GY,1597159647,68,3.38,-59.8,86.14,4.45
398,yar-sale,96,RU,1597159648,88,66.83,70.83,53.49,6.85
399,sur,85,OM,1597159648,68,22.57,59.53,85.17,14.27
400,lavrentiya,4,RU,1597159649,87,65.58,-171.0,45.86,3.06
401,kharp,86,RU,1597159649,74,66.8,65.81,52.84,9.53
402,isabela,70,PH,1597159649,82,6.71,121.97,79.63,2.48
403,salalah,90,OM,1597159623,88,17.02,54.09,78.8,6.93
404,alofi,46,NU,1597159650,78,-19.06,-169.92,71.6,10.29
405,fomboni,0,KM,1597159650,66,-12.28,43.74,76.24,7.63
406,bukama,0,CD,1597159650,11,-9.2,25.85,96.71,1.77
407,palmas,27,BR,1597159441,31,-10.21,-48.36,91.4,9.17
408,mount isa,0,AU,1597159651,28,-20.73,139.5,51.8,3.36
409,okhotsk,100,RU,1597159651,93,59.38,143.3,54.7,17.36
410,gayeri,100,BF,1597159652,75,12.65,0.49,79.63,17.02
411,kulhudhuffushi,4,MV,1597159652,78,6.62,73.07,81.73,11.36
412,ozinki,0,RU,1597159652,41,51.18,49.68,71.65,9.57
413,urucara,0,BR,1597159652,35,-2.54,-57.76,95.65,4.81
414,kushmurun,99,KZ,1597159653,78,52.45,64.63,64.54,18.07
415,dumas,1,US,1597159653,53,35.87,-101.97,80.01,14.99
416,san carlos del zulia,100,VE,1597159653,69,9.0,-71.91,85.8,5.28
417,kyra,0,RU,1597159654,83,49.58,111.98,56.19,2.39
418,bontang,100,ID,1597159654,86,0.13,117.5,80.65,6.02
419,tyrma,100,RU,1597159654,92,50.08,132.17,60.64,0.34
420,doha,3,QA,1597159507,37,25.29,51.53,102.2,11.41
421,yumen,10,CN,1597159655,52,40.28,97.2,64.17,6.17
422,labrea,0,BR,1597159655,29,-7.26,-64.8,97.81,2.37
423,hutchinson,1,US,1597159656,61,38.06,-97.93,78.01,9.26
424,imeni poliny osipenko,100,RU,1597159656,96,52.42,136.49,58.75,12.66
425,waw,23,SS,1597159656,75,7.7,28.0,83.66,2.51
426,mitsamiouli,40,KM,1597159657,61,-11.38,43.28,82.4,8.05
427,aykhal,66,RU,1597159657,93,66.0,111.5,46.4,4.47
428,darhan,97,MN,1597159657,66,49.49,105.92,62.4,3.09
429,ucluelet,90,CA,1597159447,93,48.93,-125.55,55.99,5.82
430,sagua de tanamo,19,CU,1597159658,59,20.58,-75.24,88.18,9.17
431,remanso,0,BR,1597159658,44,-9.62,-42.08,81.52,13.82
432,preobrazheniye,0,RU,1597159595,88,42.9,133.91,68.54,8.19
433,naze,75,JP,1597159659,94,28.37,129.48,82.4,3.36
434,sinnamary,7,GF,1597159659,64,5.38,-52.95,86.11,9.98
435,qujing,100,CN,1597159479,92,25.48,103.78,64.22,5.93
436,liuhe,30,CN,1597159659,90,42.24,125.72,68.27,7.45
437,port macquarie,100,AU,1597159660,97,-31.43,152.92,50.0,5.23
438,hammerfest,40,NO,1597159434,87,70.66,23.68,53.6,3.36
439,olinda,40,BR,1597159660,61,-8.01,-34.86,82.4,13.87
440,haines junction,100,CA,1597159661,83,60.75,-137.51,46.96,2.66
441,pemberton,75,CA,1597159661,93,50.32,-122.8,51.8,2.42
442,saint-ambroise,75,CA,1597159661,65,48.55,-71.33,82.4,13.87
443,kenai,90,US,1597159662,76,60.55,-151.26,53.6,1.95
444,toamasina,20,MG,1597159662,73,-18.17,49.38,71.6,3.91
445,havelock,20,US,1597159662,74,34.88,-76.9,87.01,9.17
446,bereslavka,69,RU,1597159663,26,48.63,44.04,84.0,8.95
447,agirish,100,RU,1597159663,72,61.92,63.02,56.25,5.91
448,beyneu,35,KZ,1597159663,20,45.32,55.2,82.09,15.23
449,kanchanaburi,100,TH,1597159664,81,14.63,99.1,77.67,5.23
450,buala,79,SB,1597159504,81,-8.14,159.59,78.44,5.53
451,iquitos,20,PE,1597159652,70,-3.75,-73.25,86.0,8.05
452,luena,0,AO,1597159664,51,-11.78,19.92,84.2,6.93
453,chumikan,99,RU,1597159664,93,54.72,135.31,51.6,0.78
454,luanda,0,AO,1597159377,69,-8.84,13.23,77.0,9.17
455,marathon,20,US,1597159536,56,44.9,-89.77,71.6,6.93
456,abu dhabi,33,AE,1597159501,71,24.47,54.37,98.6,11.41
457,wakkanai,76,JP,1597159666,98,45.41,141.67,64.96,12.57
458,labuhan,87,ID,1597159666,84,-6.88,112.21,78.93,9.31
459,sol-iletsk,0,RU,1597159666,54,51.16,54.99,67.93,10.31
460,hauterive,24,FR,1597159666,36,46.09,3.45,91.4,4.7
461,faya,40,SA,1597159667,57,18.39,42.45,82.4,5.82
462,fontanka,20,UA,1597159667,51,46.56,30.86,82.4,8.95
463,atasu,76,KZ,1597159667,54,48.68,71.64,64.94,13.31
464,gwanda,0,ZW,1597159668,18,-20.93,29.0,78.06,9.06
465,egvekinot,83,RU,1597159668,94,66.32,-179.17,48.81,4.74
466,acajutla,100,SV,1597159487,100,13.59,-89.83,75.0,2.75
467,iwaki,0,JP,1597159669,73,37.05,140.88,86.0,1.99
468,antiguo morelos,69,MX,1597159669,72,22.55,-99.08,84.0,1.01
469,ust-uda,16,RU,1597159670,62,54.17,103.03,60.91,1.39
470,shebunino,79,RU,1597159670,94,46.43,141.86,64.36,6.26
471,launceston,75,AU,1597159670,93,-41.45,147.17,42.8,4.7
472,ceyhan,20,TR,1597159671,55,37.02,35.82,91.4,14.99
473,sigiriya,88,LK,1597159671,76,7.95,80.74,77.5,13.8
474,smithers,90,CA,1597159671,100,54.78,-127.17,42.8,3.09
475,ponta delgada,20,PT,1597159672,53,37.73,-25.67,77.0,14.99
476,timra,63,SE,1597159672,63,62.49,17.33,66.99,13.87
477,hopewell,0,US,1597159673,77,37.3,-77.29,84.99,1.99
478,constantine,40,DZ,1597159673,17,36.37,6.61,98.6,14.99
479,klaeng,100,TH,1597159548,87,12.78,101.65,80.94,4.85
480,progreso,75,MX,1597159674,79,21.28,-89.67,86.0,6.93
481,san andres,75,CO,1597159674,70,12.58,-81.7,87.8,14.99
482,kaduna,99,NG,1597159675,73,10.52,7.44,77.36,8.7
483,changji,20,CN,1597159675,26,44.02,87.32,84.2,8.95
484,warrnambool,100,AU,1597159675,87,-38.38,142.48,52.0,8.99
485,poum,0,NC,1597159676,72,-20.23,164.02,70.66,14.43
486,moses lake,1,US,1597159676,37,47.13,-119.28,73.4,3.36
487,turangi,100,NZ,1597159676,94,-39.0,175.93,46.99,2.17
488,sassari,0,IT,1597159676,30,40.77,8.76,95.0,9.17
489,mogadishu,75,SO,1597159677,74,2.04,45.34,78.8,18.34
490,kerema,100,PG,1597159677,90,-7.96,145.78,77.16,8.25
491,kavieng,77,PG,1597159677,75,-2.57,150.8,82.54,7.23
492,galle,53,LK,1597159678,87,6.04,80.22,79.3,9.19
493,fort-shevchenko,100,KZ,1597159678,52,44.51,50.26,77.14,7.36
494,leshukonskoye,86,RU,1597159678,71,64.9,45.76,53.19,6.06
495,yerbogachen,20,RU,1597159678,68,61.28,108.01,62.44,2.68
496,kamenka,70,RU,1597159679,44,51.32,42.77,79.0,3.0
497,cherskiy,97,RU,1597159679,70,68.75,161.3,41.99,1.54
498,warri,83,NG,1597159679,56,5.52,5.75,84.67,10.2
499,snasa,91,NO,1597159680,64,64.25,12.38,68.0,10.29
500,chuguyevka,0,RU,1597159680,89,44.17,133.86,66.58,4.43
501,palmer,75,US,1597159680,69,42.16,-72.33,90.0,6.71
502,andenes,100,NO,1597159681,87,69.31,16.12,57.2,10.29
503,gidole,87,ET,1597159681,70,5.65,37.37,68.83,5.32
504,dwarka,100,IN,1597159501,82,22.24,68.97,84.67,23.11
505,ibotirama,0,BR,1597159682,21,-12.19,-43.22,94.66,3.29
506,del rio,1,US,1597159682,66,29.36,-100.9,84.2,17.22
507,chulym,57,RU,1597159682,84,55.1,80.96,66.9,9.53
508,rumonge,2,BI,1597159683,53,-3.97,29.44,81.36,8.05
509,clyde river,90,CA,1597159683,87,70.47,-68.59,42.8,18.34
510,belyy yar,0,RU,1597159683,77,53.6,91.39,64.4,4.47
511,saint-leu,1,RE,1597159684,63,-21.15,55.28,66.2,5.82
512,mengcheng,100,CN,1597159684,95,33.26,116.57,78.01,6.8
513,chulman,0,RU,1597159684,84,56.85,124.91,49.46,2.21
514,sungaipenuh,53,ID,1597159684,96,-2.08,101.38,66.87,0.76
515,turinsk,100,RU,1597159685,86,58.05,63.7,55.0,12.71
516,bhag,27,PK,1597159685,34,29.04,67.82,104.76,4.45
517,new port richey,61,US,1597159685,69,28.24,-82.72,90.0,1.01
518,acapulco,20,MX,1597159686,74,16.86,-99.89,84.2,4.7
519,prado,75,BR,1597159686,75,-17.34,-39.22,75.47,9.33
520,wilmington,20,US,1597159686,83,34.23,-77.94,86.0,3.36
521,angoche,3,MZ,1597159687,71,-16.23,39.91,74.01,11.03
522,kiunga,74,PG,1597159687,98,-6.12,141.29,70.66,1.68
523,tondano,20,ID,1597159687,83,1.3,124.91,77.0,4.7
524,rodrigues alves,0,BR,1597159687,43,-7.74,-72.65,91.99,2.35
525,ligayan,92,PH,1597159688,79,4.65,119.47,84.36,6.53
526,svetlogorsk,86,BY,1597159688,72,52.63,29.73,70.29,10.89
527,puerto narino,20,CO,1597159688,79,-3.77,-70.38,86.0,3.36
528,reconquista,100,AR,1597159690,44,-29.15,-59.65,50.65,10.04
529,pirapora,0,BR,1597159692,28,-17.34,-44.94,87.17,4.63
530,port keats,20,AU,1597159693,83,-14.25,129.55,72.59,5.88
531,hambantota,75,LK,1597159646,100,6.12,81.12,77.0,10.29
532,bonavista,19,CA,1597159694,80,48.65,-53.11,72.0,4.0
533,port-cartier,90,CA,1597159694,82,50.03,-66.87,69.01,9.17
534,myaundzha,100,RU,1597159694,77,63.05,147.19,51.21,8.57
535,tessalit,92,ML,1597159694,25,20.2,1.01,100.24,11.32
536,mananjary,0,MG,1597159694,75,-21.22,48.33,67.6,5.44
537,cerritos,20,US,1597159695,72,33.86,-118.06,66.99,3.36
538,tanout,75,NE,1597159695,43,14.97,8.89,88.52,8.08
539,havre,13,FR,1597159695,43,49.58,0.33,89.6,11.41
540,valdivia,90,CL,1597159696,100,-39.81,-73.25,37.4,2.24
541,astoria,90,US,1597159696,87,46.19,-123.83,59.0,5.82
542,manavalakurichi,20,IN,1597159696,88,8.13,77.3,82.4,4.7
543,kota kinabalu,20,MY,1597159406,88,5.97,116.07,78.8,6.93
544,tarpon springs,75,US,1597159697,62,28.15,-82.76,90.0,6.93
545,vila do maio,75,CV,1597159697,48,15.13,-23.22,86.0,19.46
546,lakes entrance,100,AU,1597159697,86,-37.88,147.98,46.99,5.68
547,ilulissat,20,GL,1597159698,45,69.22,-51.1,46.4,13.87
548,ambulu,51,ID,1597159698,91,-8.35,113.61,75.16,2.71
549,trincomalee,88,LK,1597159698,72,8.57,81.23,82.6,17.65
550,valparaiso,23,CL,1597159699,43,-33.04,-71.63,59.0,11.41
551,marzuq,81,YE,1597159699,15,14.4,46.47,95.56,14.67
552,satuba,75,BR,1597159699,61,-9.56,-35.82,80.6,11.41
553,paamiut,100,GL,1597159699,83,61.99,-49.67,43.25,20.87
554,telde,20,ES,1597159700,51,27.99,-15.42,82.0,27.51
555,bardiyah,0,LY,1597159700,53,31.76,25.09,82.6,16.15
556,gambela,95,ET,1597159700,85,8.25,34.58,79.03,2.64
557,biryusinsk,13,RU,1597159701,70,55.96,97.82,61.56,2.42
558,mnogovershinnyy,100,RU,1597159701,100,53.94,139.92,52.0,4.09
559,makakilo city,1,US,1597159701,83,21.35,-158.09,75.2,3.36
560,dauriya,96,RU,1597159701,81,49.93,116.87,58.95,2.51
561,cap-aux-meules,20,CA,1597159702,78,47.38,-61.86,75.2,17.22
562,umm kaddadah,98,SD,1597159504,40,13.6,26.69,89.85,3.96
563,oakdale,1,US,1597159703,56,44.96,-92.96,77.0,3.36
564,carauari,0,BR,1597159703,43,-4.88,-66.9,95.47,1.48
565,honningsvag,75,NO,1597159703,93,70.98,25.97,50.0,4.7
566,westport,1,US,1597159685,70,41.14,-73.36,84.99,11.41
567,arroio grande,73,BR,1597159704,46,-32.24,-53.09,51.13,10.29
568,shubarshi,14,KZ,1597159704,45,48.59,57.19,72.5,12.66
569,letlhakane,0,BW,1597159704,15,-21.42,25.58,81.5,2.39
570,tunduma,0,TZ,1597159705,30,-9.3,32.77,76.71,9.86
571,manoel urbano,0,BR,1597159705,40,-8.84,-69.26,93.79,2.26
572,hatsukaichi,75,JP,1597159705,83,34.35,132.33,80.6,3.29
573,ibra,38,OM,1597159705,54,22.69,58.53,87.37,10.58
574,cockburn town,40,TC,1597159706,70,21.46,-71.14,86.0,11.41
575,kompaniyivka,55,UA,1597159706,38,48.25,32.21,81.52,6.67
576,plettenberg bay,13,ZA,1597159706,63,-34.05,23.37,59.99,17.85
577,mahajanga,20,MG,1597159707,78,-15.72,46.32,75.2,8.05
578,derzhavinsk,94,KZ,1597159707,63,51.1,66.32,67.01,12.39
579,adrar,47,MR,1597159707,9,20.5,-10.07,108.7,12.5
580,nabire,95,ID,1597159611,85,-3.37,135.48,76.33,2.75
581,pakruojis,0,LT,1597159708,46,55.97,23.87,71.6,10.29
582,marquette,5,US,1597159708,52,46.53,-87.63,77.0,9.17
583,corner brook,20,CA,1597159683,54,48.97,-57.95,82.4,11.41
584,imbituba,100,BR,1597159709,49,-28.24,-48.67,69.8,17.22
585,praxedis guerrero,5,MX,1597159710,28,31.37,-106.02,87.8,5.82
586,toora-khem,18,RU,1597159710,61,52.47,96.11,57.0,1.39
587,burnie,100,AU,1597159710,92,-41.07,145.92,48.99,3.0
588,udachnyy,96,RU,1597159710,93,66.42,112.4,46.4,4.47
589,inhambane,20,MZ,1597159711,60,-23.86,35.38,75.0,8.05
590,hualmay,51,PE,1597159711,70,-11.1,-77.61,63.54,5.91
591,kishi,86,NG,1597159711,66,9.08,3.85,80.46,10.74
592,garowe,97,SO,1597159712,35,8.41,48.48,87.42,21.77
593,karoi,0,ZW,1597159712,19,-16.81,29.69,75.81,6.44
594,salinopolis,27,BR,1597159712,75,-0.61,-47.36,83.98,11.56
595,lixourion,20,GR,1597159713,70,38.2,20.43,86.0,11.41
596,nyuksenitsa,100,RU,1597159713,94,60.41,44.24,54.48,5.26
597,dallas,20,US,1597159241,66,32.77,-96.78,88.0,8.05
598,montrose,2,US,1597159714,22,38.42,-108.27,78.01,1.01
599,masuguru,65,TZ,1597159714,32,-11.37,38.42,85.35,5.66
600,bijar,0,IR,1597159715,12,35.87,47.61,86.95,11.21
